id;rua;cidade;bairro;pessoa_id
1;customized Filmes Strategist;Forward Unidos;Peixe e-markets;1
2;back-end Forward;Eletrônicos;Avenida Integration;2
3;ouro bandwidth-monitored;Buckinghamshire Ceará;Rústico quantifying;3
4;motivating Benin cross-platform;repurpose circuit;Bacon prata Borracha;4
5;Benin Boliviano Mato;Inteligente wireless petróleo;Quetzal amarelo;5
6;motivating Vatu copy;Money backing Pequeno;interactive Rodovia Centralized;6
7;Facilitator;Account;Agent RSS Buckinghamshire;7
8;mobile discrete transform;Marginal Travessa coral;disintermediate;8
9;Alameda proactive;Creative Buckinghamshire Avenida;Rústico Savings Malásia;9
10;Madeira;Secured Avon cinza;de;10
