id;imagem;imagem_content_type;descricao
1;../fake-data/blob/hipster.png;image/png;Specialist
2;../fake-data/blob/hipster.png;image/png;São Strategist Consultant
3;../fake-data/blob/hipster.png;image/png;Anguila
4;../fake-data/blob/hipster.png;image/png;Bicicleta vermelho program
5;../fake-data/blob/hipster.png;image/png;time-frame Montenegro 1080p
6;../fake-data/blob/hipster.png;image/png;Fantástico infomediaries
7;../fake-data/blob/hipster.png;image/png;parse syndicate Beleza
8;../fake-data/blob/hipster.png;image/png;Centralized Avon
9;../fake-data/blob/hipster.png;image/png;parse Customer client-driven
10;../fake-data/blob/hipster.png;image/png;bypass dourado
